﻿오사카의 지하철은 8개의 노선으로 구성되어 있다. ,해설 1
오사카에는 ‘난카이 전철’과 ‘켄타츠 전철’이 있으며 이들 노선은 오사카를 포함한 여러지역을 연결한다.,해설 2
일본의 버스는 거리 기반 요금제를 적용한다.,해설 3
오사카의 택시는 미터기 기반으로 운영한다.,해설 4
오사카의 지하철에서는 '스이카'와 '이코카' 카드 모두 사용할 수 있다.,해설 5
오사카의 지하철에는 영어 안내가 제공된다.,해설 6
오사카에는 무료로 이용할 수 있는 자전거 대여 서비스는 없다.,해설 7
오사카의 교통 카드인 '스이카'는 대중교통과 쇼핑에서 사용할 수 있다. ,해설 8
오사카의 주요 공항으로는 '간사이 국제공항'과 '오사카 국제공항'이 있다.,해설 9
오사카에는 난카이 특급열차인 ‘라피트’와 JR공항특급열차인 ‘하루카’가 있다.,해설 10
