﻿상하이의 택시의 색깔은 일반적으로 노란색이다,해설 1
상하이 지하철은 교통카드를 사용하는 것이 대체적으로 그렇다.,해설 2
상하이에는 교통혼잡을 피하기 위해 전기차만 다닐 수 있는 허용되는 구역이 있다.,해설 3
상하이의 전기 스쿠터는 자전거 도로와 일반도로에서 주행이 가능하다.,해설 4
상하이에는 공항과 시내를 연결하는 고속철도 서비스가 있다.,해설 5
상하이의 지하철은 전체적으로 노선 간 환승은 무료가 아니라 추가요금을 내야한다.,해설 6
상하이에서 대중교통 카드가 아닌 다른 방식으로 결제를 해야한다.,해설 7
중국의 대중교통에서 사용하는 ‘IC 카드’는 전 지역에서 호환되지않는다.,해설 8
중국의 주요 도시에서 자전거 공유 서비스는 한국과 비슷하게 주로 스마트폰 앱을 통해 이용이 가능하다.,해설 9
중국의 고속철도 네트워크는 세계에서 가장 길다. ,해설 10
