﻿퀴즈. 다낭은 베트남의 제4의 도시이다.,해설. 해설1
퀴즈. 다낭에는 세계문화유산으로 지정된 미선 유적지가 있다.,해설. 해설2
퀴즈. 다낭은 해산물 요리가 유명한 도시이다.,해설. 해설3
퀴즈. 다낭의 전통요리 중에 ‘미 꿍’이라는 쌀국수가 존재한다.,해설. 해설4
퀴즈. 다낭에는 대성당이 존재하는데 빨갠색 외벽으로 유명하다.,해설. 해설5
퀴즈. 관광객들에게 매우 인기있는 명소로 다낭에서는 골드 브리지가 존재한다.,해설. 해설6
퀴즈. 다낭의 전통시장에서는 외국어를 잘 말하지는 못한다.,해설. 해설7
퀴즈. 다낭에는 용의 형상을 하고있는 건축물이 있다.,해설. 해설8
퀴즈. 다낭에서는 매년 ‘다낭 국제 불꽃놀이 대회’를 개최한다.,해설. 해설9
퀴즈. 다낭에는 베트남 전통 공예품을 전시하는 박물관이 있다.,해설. 해설10
