﻿퀴즈. 다낭에서는 택시를 쉽게 찾거나 구할 수 있다. ,해설. 해설1
퀴즈. 다낭의 공항에서는 택시나 공항버스로만 이동이 가능하다.,해설. 해설2
퀴즈. 다낭에는 지하철이 운영되고 있지 않다.,해설. 해설3
퀴즈. 다낭 시내에서는 우버(Uber)라는 서비스가 사용이 가능하다.,해설. 해설4
퀴즈. 다낭 시내버스는 인터넷으로 예약이 가능하다.,해설. 해설5
퀴즈. 다낭 버스는 시내 중심가를 거쳐 11개의 노선을 운행한다.,해설. 해설6
퀴즈. 다낭 버스는 요금은 저렴하지만 영어 안내방송이 잘 안나온다.,해설. 해설7
퀴즈. 다낭은 자전거 도로가 잘 발달되어있어 자전거로 이동하기가 편하다.,해설. 해설8
퀴즈. 다낭에서는 오토바이를 대여해서 이용이 가능하다.,해설. 해설9
퀴즈. 다낭에서는 관광객을 위해서 전용 리무진 서비스가 있다.,해설. 해설10
