﻿퀴즈. 오사카는 '길거리 음식' 문화로 유명하며 타코야키와 오코노미야키 등으로 잘 알려져 있습니다.,해설 1
퀴즈. 오사카의 전통 공연 예술 중 대표적인 공연은 ‘분라쿠’이다. ,해설 2
퀴즈. 오사카의 전통 의상으로는 기모노를 착용한다.,해설 3
퀴즈. 오사카 성은 일본의 역사적인 성 중 하나로 16세기 초에 지어졌다.,해설 4
퀴즈. 오사카의 지역 방언은 교토의 지역 방언과 유사한건 아니다.,해설 5
퀴즈. 오사카는 세계적으로도 유명한 도톤부리라는 번화가가 존재한다.,해설 6
퀴즈. 쇼핑과 식사를 즐길수 있는 ‘신사이바시’라는 지역이 존재한다.,해설 7
퀴즈. 일본의 음식과 현대문화로 유명한 지역은 오사카가 대표적이다.,해설 8
퀴즈. 오사카는 일본의 현대적인 랜드마크인 ‘우메다 스카이 빌딩’이 있다.,해설 9
퀴즈. 오사카에는 일본 최초의 동물원이 있다.,해설 10
